Codigo,Name,Email,Phone,Address,Date of Birth,Job Title
3,Gina Daniels,richardalvarez@example.org,+1-493-917-2758,"7648 Benson Dam, Peggyville, AL 65624",1941-06-16,Marketing executive
10,John White,mtyler@example.org,951.697.0715,"40396 Christopher Pines Suite 732, Brittneyside, AR 36257",1983-12-20,Armed forces operational officer
11,Kimberly Humphrey,lcunningham@example.net,(917)570-2030x923,"4257 Justin Mountains Apt. 141, Angelaburgh, VI 27675",1983-01-31,Banker
11,Melinda Brown,willissandra@example.com,5702899262,"6484 Cynthia Harbor, North Morganton, AR 37904",1940-07-05,Ranger/warden
12,Charles Long,jeremy27@example.net,(766)564-6533x701,"222 Stephanie Junctions, Joshuaview, AK 52130",1999-05-15,Midwife
16,David Taylor,melindacoleman@example.com,5198390351,"95983 Jackson Manor Suite 199, Smithberg, GU 58477",1973-05-15,Applications developer
33,John French,sjohnson@example.net,(922)547-8688x89444,"773 Newton Brook Suite 929, Emmashire, AZ 18235",1999-09-27,Personal assistant
41,Matthew Kidd,nunezelizabeth@example.com,001-475-954-3916x4247,"528 Sharon Gateway, Cindyview, GA 14846",1977-07-18,Human resources officer
42,Lacey Woods,murphyfrederick@example.net,(297)777-7788,"3223 Wood River Apt. 116, Johnsonton, MD 96633",1961-02-13,"Programmer, applications"
61,Elizabeth Santos,lfisher@example.net,246.424.2862x90183,"7208 Kelley Lake Apt. 755, Lake Tommy, MP 73868",1941-06-01,"Engineer, technical sales"
108,Bryan Mcdaniel MD,alyssa90@example.net,001-580-442-3137x181,"5759 Roberts Street, North Thomas, TN 32643",1988-04-28,"Copywriter, advertising"
116,Paul Smith,gabriela62@example.net,(823)696-9124x1994,"90093 Greene Creek Suite 455, Pierceborough, IA 23707",1937-09-23,Architect
134,Lauren Anderson,angelahughes@example.org,+1-484-345-4380x7268,"66656 Cheryl Crest, North Danielside, IN 64249",1963-12-04,"Social research officer, government"
138,Donna Martin,tbonilla@example.org,(741)577-1619,"744 Connie Loaf, Wendyland, OK 50985",1989-03-07,Broadcast presenter
139,Andrea Buckley,maldonadocody@example.com,001-958-874-4522,"2451 Michael Radial, New Robert, GA 78667",1964-04-06,Management consultant
161,Taylor Bell,pjones@example.org,+1-346-241-4291x311,"PSC 4293, Box 2260, APO AE 00537",1961-10-30,Physiological scientist
166,James Carney,erik67@example.org,(871)595-1507,"7246 Timothy Mountains Apt. 178, Matthewshire, MP 30846",2000-04-24,Special educational needs teacher
189,Timothy Atkinson,wanderson@example.org,597.510.1750,"9299 Miller Shores, Lake Calvin, MH 40215",1962-03-25,Private music teacher
196,Kimberly Gross,erodriguez@example.org,649.589.8250,"41325 Patrick Heights Apt. 288, Gregoryfort, AS 76354",1998-06-02,"Engineer, electronics"
204,Aaron Medina,riverakenneth@example.com,251.261.7039,"817 Kaitlyn Lock, Port Brian, IA 26080",1997-05-29,Actuary
219,Leslie Pope,rhardy@example.net,9116429611,"589 Michael Junction, Crystalstad, WY 04540",1934-09-26,Airline pilot
229,Shannon Hester,baileyjohn@example.com,904-490-4809x527,"981 Brown Valleys, Gonzalesside, VA 63810",1997-06-02,Aeronautical engineer
241,Terry Bowers,huffmanluis@example.net,(495)692-2971x9345,"70723 Mejia Cove, Lake Christopherview, KY 19851",1985-09-15,Editorial assistant
252,Pamela Bell,wfox@example.com,688-210-2821,"4708 Warren Meadow, New Sara, PA 90767",2001-06-07,Music tutor
254,James Young,schneiderwilliam@example.org,7213905062,"9707 Christopher Lock Apt. 122, Lancemouth, NV 09343",1983-03-27,Secondary school teacher
266,Mark Townsend,sprice@example.net,910.986.8963,"39542 Jenkins Wells Suite 216, Bushchester, PR 45431",1989-09-21,Politician's assistant
280,Marco Garza,gibarra@example.org,001-335-979-0187x58567,"134 Rogers Lakes, Richardberg, MI 64609",1938-04-08,Investment analyst
298,Monica Campbell,ifletcher@example.com,+1-517-799-1859x09619,"PSC 2317, Box 9315, APO AE 73113",1947-05-31,Contracting civil engineer
305,Randall Schwartz,beverly62@example.net,355-537-7657,"58224 Tricia Estate Apt. 060, New Loribury, KS 31973",1999-10-15,Textile designer
305,Kevin Price,harmonmichael@example.net,+1-317-578-8796x903,"39247 Jacob Fork, Cherylborough, NM 62900",1963-04-13,"Teacher, English as a foreign language"
319,Cynthia Burton,lewisdavid@example.org,+1-616-432-9707,"84817 Dana Road, Youngbury, LA 27509",1968-03-05,"Librarian, public"
330,Angel Hughes,wjohnson@example.com,5174115276,"979 Grant Springs, North Robertview, NC 96972",1941-09-05,"Buyer, industrial"
333,Michelle Rogers,johntucker@example.net,933.847.5312,"9287 Donald Row, Morrisshire, MH 07101",1951-08-08,Textile designer
337,Alexis Walsh,rebecca54@example.net,5934443454,"76599 Gary River, Justinborough, KS 90624",2001-04-05,Musician
339,Casey Robinson,chasecandice@example.net,225-512-4734x05895,"322 Paul Crossroad Suite 548, South Robert, PR 19062",1953-05-04,Careers information officer
341,April Cruz,steinamanda@example.com,3119377053,"565 Johnson Streets, West Crystalhaven, MD 86135",1971-04-13,"Teacher, special educational needs"
348,Jamie Osborne,brownjennifer@example.com,(313)673-8550x27667,"0769 William Port, South Katherineside, MO 24604",1949-09-28,"Merchandiser, retail"
361,Mrs. Lisa Conrad MD,grayshawn@example.com,(470)264-7174x089,"07792 Mark Expressway Suite 539, New Christopher, AZ 77077",1995-04-11,Immunologist
370,Brian Chavez,davisrobert@example.org,001-388-930-1053x05067,"29041 George Glens Suite 915, East Kennethchester, SC 26628",1960-06-25,Herpetologist
377,Christopher Sexton,rgreen@example.com,658.255.9147x030,"000 Miller Green Apt. 686, Port Tonimouth, FM 10995",1953-04-18,Neurosurgeon
398,Lindsey Jones,johnmacdonald@example.com,(642)658-2360x97773,"2765 Tammy Meadows, South Elizabethchester, OR 51427",1980-12-07,Forest/woodland manager
399,Robert Brown,bradley83@example.org,(517)670-2319,"USNS Jefferson, FPO AP 71748",1966-08-16,Chemical engineer
401,Robert Hurst,adamsjenny@example.com,+1-666-657-3270x986,"882 Jones Mountains, Davidborough, MI 88923",1951-04-15,Child psychotherapist
412,Christopher Munoz,roachjennifer@example.net,898.924.7116x96484,"7617 Reyes Mountain, Ericland, WV 15946",1934-05-02,"Teacher, secondary school"
426,Seth Turner,melissabass@example.com,326.516.2723,"7122 Ramos Springs Apt. 326, North Sharon, ME 92432",1970-01-06,"Scientist, audiological"
433,Justin Hardin,schmidtcharles@example.com,764-687-5247x300,"738 Chelsea Gateway Apt. 766, Port Latoyaport, SD 89980",1943-08-16,"Biochemist, clinical"
437,Randy Morton,josephhoffman@example.com,001-660-789-5518x03957,"085 Patrick Inlet, Mcdowellside, MH 68397",1955-01-12,Insurance broker
452,Aaron Myers,alexander71@example.org,+1-371-247-2110x994,"24427 Charlene Drives, New Jennifer, TX 21440",1976-08-06,Broadcast journalist
475,Deborah Montgomery,daniellebrown@example.org,5366866225,"9498 Gardner Skyway Suite 481, Anthonyberg, NE 06930",1954-09-08,"Doctor, general practice"
477,Dr. Danny Shepherd,alvarezmarc@example.net,+1-551-973-8984x9099,"Unit 5409 Box 2864, DPO AE 13221",1957-11-27,Dancer
479,Timothy Savage,melissacross@example.net,(328)497-1624x280,"64383 James Station, West Heidifurt, MI 21553",1947-10-29,Hotel manager
489,Patricia Chen,david86@example.com,001-778-859-2297x747,"USNV Blankenship, FPO AA 94187",1983-10-20,Insurance account manager
506,Manuel Walker,kathleenguzman@example.net,(470)787-2135x6119,"22286 Lewis Locks Apt. 853, Coxshire, MO 48088",1966-06-09,Emergency planning/management officer
517,Gregory Boone,moorebeth@example.net,923.399.5447x5918,"Unit 4548 Box 0295, DPO AP 68929",1950-01-07,"Therapist, nutritional"
541,Kathy Reeves,kellyjames@example.com,(716)814-1446,"23052 Christopher Forks Suite 384, South Whitneyfurt, NY 76920",1998-12-15,Patent attorney
549,Leslie Kramer,jonathan98@example.com,568-349-9872,"819 Kayla Mount Apt. 015, Higginsfurt, AZ 20793",2005-05-10,Film/video editor
563,Shane Brown,bryantanthony@example.net,517-282-2751,"533 John Glens Suite 804, Tiffanyberg, KS 13833",1988-09-13,Farm manager
572,Terry Ponce,jeanette45@example.com,(424)347-4305,"12611 Smith Knoll, Andreafurt, NM 79405",1958-03-31,Lexicographer
576,Kathryn Vasquez,ahancock@example.com,(482)480-5698x376,"23707 Cole Green, Thomasshire, PW 97379",1938-06-15,Musician
591,Daniel Kane,jhayes@example.net,(245)385-7590,"06824 Lawrence Fields Suite 060, Murrayberg, CO 60216",1944-09-09,"Production assistant, television"
594,Michael Nguyen,christianfarmer@example.org,(893)304-0859,"1298 Li Gateway Suite 005, West Kirsten, OK 57859",1991-10-17,English as a second language teacher
600,Christopher Greer,danielle45@example.org,001-833-315-2942,"809 Gina Corner Suite 401, North Michaelburgh, MO 13140",1995-08-18,Glass blower/designer
609,Mary Browning,lwilliams@example.net,710-222-8108x21324,"81549 Roberts Cliff Suite 513, New Jessica, HI 82313",1936-03-18,Newspaper journalist
620,Tony Warren,xaguirre@example.org,+1-674-587-2812x742,"54684 Michael Fields, Lake David, KY 33696",1973-09-07,Tax adviser
644,Kayla Vega,billy27@example.org,001-297-357-2673x0166,"34211 Harrison Flat, East Christophermouth, NJ 75028",1965-04-19,Accounting technician
658,Cole Hall,walkershawn@example.net,608-380-7763x887,"43886 Sonya Highway, Timothyborough, NV 83983",1952-09-06,Police officer
661,Michael Moore,gary26@example.net,+1-780-328-9315,"798 Stephanie Fords, Stephenside, MI 56600",1959-11-28,Marine scientist
665,Courtney Campbell,sandra15@example.org,(809)910-3953x16753,"2687 Lewis Squares, North James, VI 85690",1996-09-27,"Surveyor, building control"
668,Anthony Morris,sarah76@example.org,(965)405-0429x09293,"19002 Reyes Causeway, Hermanburgh, MD 76455",1966-12-16,Academic librarian
671,Kristen Mccarty,ualexander@example.net,995.990.7656x871,"60963 Lewis Crescent Apt. 306, South Patrick, ME 28862",1981-10-19,Trading standards officer
703,Richard Newton,rebecca11@example.net,+1-702-614-4200x25859,"95542 Lawson Ramp, East Kyle, HI 45284",1971-08-05,Theme park manager
704,Jessica Green,bgiles@example.com,(898)410-0074,"787 Johnson Drive Apt. 156, Christianhaven, ID 96281",1952-12-30,"Journalist, newspaper"
707,Terri Hobbs,vanessa13@example.net,292.299.4301,"463 Diaz Place, North Kimberly, FL 04418",1935-05-23,English as a foreign language teacher
722,Terri Jones,felicialee@example.net,(976)970-9622,"PSC 7119, Box 8647, APO AE 06557",1944-06-23,Hospital pharmacist
723,Michael Bennett,ewingnicole@example.org,557.936.5661,"38406 Charles Point Suite 036, West Stephenfurt, GA 90347",1948-08-06,Film/video editor
748,Katherine Barker,mcknightbeverly@example.com,+1-833-552-9272x02575,"432 Thomas Green Apt. 257, Sandraburgh, AL 07599",1939-01-30,Chartered certified accountant
755,William Malone,laguirre@example.net,776.755.8166,"215 Christina Cliffs, North Lindsey, KY 12606",2004-07-04,IT consultant
768,Matthew Miller,coxjamie@example.net,001-444-625-5988x59289,"87362 Glenn Harbors, Derrickmouth, GA 69748",1935-12-18,Research scientist (medical)
777,Kelsey Anderson,lford@example.org,001-401-760-5319,"203 Richard Crescent, North Rachelville, AZ 87851",1952-03-23,Medical sales representative
794,Andrea Escobar,shellydillon@example.org,834-548-8529x14599,"8641 Amanda Lights, Lake Amyshire, CT 70174",1942-07-09,Advice worker
795,Dr. Jennifer Nolan,simscathy@example.com,308-746-9345x186,"2548 Robert Isle, Bruceberg, WY 82612",1985-10-22,"Programmer, applications"
795,Christina Bradley,michelle14@example.org,001-263-860-7997,"0921 Ortiz Manors Apt. 915, East Kimberlyville, MI 62400",1991-04-27,Advertising account planner
809,Frank Strickland,pweaver@example.org,+1-460-547-7503x779,"24409 Sanchez Forest Apt. 135, Macktown, IL 97214",1942-03-19,Photographer
825,Evelyn Reese,novakkatie@example.com,231-480-7836,"41635 Ortega Highway Suite 059, East Lisa, AK 21985",1954-07-26,Textile designer
829,Jessica Webb,harringtonmiguel@example.net,399.280.6063x7776,"561 Sexton Island, New Annfurt, KY 95285",1967-01-10,Barrister's clerk
844,Cathy Brooks,patrickbarnett@example.net,(245)655-7484x993,"33768 Wise Points, Brianmouth, MD 88487",1945-10-27,Personal assistant
848,Susan Perez,aaronhunter@example.com,(511)478-4940,"40685 Tim Summit, Johntown, KS 11251",2003-10-11,"Journalist, newspaper"
858,Jerry Hunt,sheila43@example.net,+1-770-584-8779,"USS Moore, FPO AE 56281",2001-11-21,Event organiser
865,Jose Mack,cody83@example.org,758-941-1035,"4657 Stevens Coves Apt. 356, Ryanport, AK 82247",1994-05-20,Politician's assistant
870,Caitlin Bentley,jordandebra@example.org,301.696.4229x14706,"9918 Carlson Passage Suite 078, Laurenfurt, KS 87592",1955-11-24,"Librarian, public"
902,Sean Bryant,john86@example.org,9615551366,"4289 Timothy Knoll, North Cherylborough, MO 90519",1956-10-11,Information officer
911,Preston Santana,john29@example.org,001-269-868-9882x87315,"708 Arnold Knolls Apt. 811, Murphyside, CT 73277",1970-11-05,Arts development officer
914,Julie Woods,qgonzalez@example.org,+1-955-605-4388x18887,"538 Richard Creek, South Joshuaville, PA 45649",1994-05-19,"Clinical scientist, histocompatibility and immunogenetics"
925,Melissa Vega,barajasgabriel@example.net,2452079594,"808 Lori River Apt. 649, Port Saraborough, AK 42519",2000-07-19,Government social research officer
925,Diane Cunningham,uschmidt@example.net,245.836.5157x75791,"6406 Martinez Parks Apt. 694, North Christopher, ID 04546",1994-12-28,"Production assistant, radio"
947,Diana Arias,mckenzie28@example.net,7083794619,"090 Long Viaduct Suite 259, Robbinsside, IA 30397",1986-06-03,Primary school teacher
953,Morgan Ward,laura52@example.com,999-633-0590x75037,"96102 Sue Shores Apt. 141, Karenchester, NE 81077",1988-01-30,Architectural technologist
955,Nathaniel Hamilton,hmurray@example.net,(957)804-4180,"1324 Jamie Burgs, Ricechester, LA 04941",1946-07-12,Broadcast presenter
984,Linda Campbell,woodkatherine@example.com,512-394-2853x5213,"829 Perez Square, Petersonmouth, ID 23088",1966-01-08,Product/process development scientist
985,John Watts,lisagill@example.net,001-396-734-4648x8904,"1864 Davis Groves, Amandabury, AS 54809",1969-06-15,Bookseller
