Codigo,Name,Email,Phone,Address,Date of Birth,Job Title
1,Terri Curtis,zherring@example.com,288-729-4773,"446 Corey Shoals, Lake Margaretmouth, WI 96715",1973-09-07,Corporate investment banker
38,William Jones,dawn41@example.net,(608)970-4175x220,"243 Michele Flat Apt. 942, Anthonyside, HI 93825",1965-10-30,"Civil engineer, contracting"
43,Timothy Cardenas,hblake@example.org,001-633-421-9573x5099,"Unit 9575 Box 0464, DPO AA 21772",1963-11-01,Furniture conservator/restorer
61,Joshua Harris,nielsengina@example.net,704-688-5183x03862,"07104 Quinn Keys Apt. 683, Alanfurt, NE 50462",1949-10-26,Private music teacher
63,Nathan Russell,kevinlowe@example.net,(804)517-0032x54670,"2105 Smith Fork Apt. 470, Robinmouth, NY 87299",1985-02-22,Petroleum engineer
68,Teresa Thomas,amber21@example.net,001-684-450-9177x2181,"940 Burgess Forest Apt. 171, East Matthewchester, VI 25034",2002-07-09,Jewellery designer
77,Sabrina Cardenas,alexandrahahn@example.com,001-820-989-8369x76656,"5524 Hurst Parkways Apt. 982, East Sarah, KS 17815",1947-10-27,"Engineer, structural"
91,Rebecca Taylor,mendozabradley@example.com,(843)399-1428,"305 Melton Overpass Suite 737, East Jessica, TN 65241",1953-01-24,Human resources officer
101,Michael Williams,estesandrew@example.org,3944487888,"6830 Rebecca Street Suite 327, East Rebecca, MN 29344",1993-05-15,"Engineer, electrical"
103,Jessica Rodriguez,courtneyjoseph@example.org,001-566-474-1371,"42711 Patrick Club, Carolynport, WI 60734",1958-03-08,"Buyer, retail"
121,Daniel Nolan,michelle22@example.net,(717)803-1052x5569,"94331 Justin Village, Stokestown, AR 97456",1994-01-25,Charity fundraiser
135,Mitchell Matthews,oconnorcandice@example.net,001-326-225-5100,"08323 Barron Village Apt. 691, Port Marthabury, CA 12792",1943-02-03,"Scientist, physiological"
139,Alyssa Mendoza,clarkrebecca@example.com,+1-833-825-7836,"1780 Christina Harbor, North Christophermouth, KS 09262",1963-02-25,"Designer, blown glass/stained glass"
145,Susan Kennedy,adriana32@example.net,272-390-9745,"5002 Collins Creek Suite 998, Michaelmouth, ND 11510",1947-10-10,"Horticulturist, commercial"
148,John Sanchez,susan91@example.com,(837)550-8205x69426,"082 Ryan Freeway, Port Alexander, NC 54686",1982-07-12,"Teacher, early years/pre"
150,Patrick Villa,charles89@example.net,+1-679-291-0973x23058,"29118 Nicole Ville, North Ernest, GU 95193",1987-04-15,Chief Marketing Officer
174,Jessica Chavez,phillipsjennifer@example.net,001-678-305-1705x91365,"4017 Justin Cape, Johnsonborough, OK 97684",1964-08-30,Site engineer
184,John Edwards,russellmatthew@example.org,001-542-714-0132x1221,"117 Allen Glen Suite 411, East Manuelview, NH 76556",1958-10-24,Emergency planning/management officer
186,Omar Patterson,tiffany49@example.org,284.797.5432x19643,"78300 Michael Valley, Jonathanside, NC 62130",1947-03-01,Retail manager
198,Susan Wilson,kristenpierce@example.com,978-239-2503x5607,"017 Mayer Parkway, Tuckerton, CA 73145",1964-11-12,Barista
200,Damon Hampton,kennethwright@example.net,779.786.4548x81153,"64872 Kimberly Parkway, Smithburgh, OK 75307",1958-01-16,"Programmer, multimedia"
209,Sara Clark,pagedavid@example.org,254-878-5995,"759 Mark Mountain Suite 547, West Garyland, PW 01200",1974-05-30,Chartered certified accountant
213,Brittany Fernandez,wagneremily@example.net,2996903152,"74632 Alexander Inlet, Lake Tonya, VI 18723",1940-07-04,Chief Strategy Officer
215,Austin Wilson,phillipnguyen@example.com,547.305.7598x3034,"5832 Debra Port Apt. 253, Smithview, ME 90667",1976-02-19,Sales executive
235,Charles Lowery III,christopher51@example.com,778.605.6978x15149,"6444 Trevino Roads Apt. 190, Smithhaven, ME 40987",1968-05-29,Private music teacher
241,Isaac Potter Jr.,jenniferchase@example.com,512-880-1228x664,"272 Atkinson Estate, South Darren, KS 58397",1966-03-26,Risk manager
247,Alejandra Johnson,stevenlopez@example.net,(359)426-3973x778,"89054 Kelly Forks Apt. 179, Port Ryan, VT 14189",1943-05-04,"Surveyor, commercial/residential"
253,Joel Mitchell,boltoncraig@example.net,860.867.8885,"0957 James Circles Apt. 213, East Annaport, PR 96268",1942-10-27,Commissioning editor
264,Michael Thomas,laurajones@example.com,911.398.8044x60062,"1321 Michael Spur Apt. 130, New Cynthialand, FL 72116",1937-11-30,"Buyer, retail"
265,Jessica Martinez,curtispalmer@example.org,+1-885-876-7957,"64958 Bryan Walk, South Leslie, NJ 74738",1947-01-10,Field seismologist
266,Brittany Allen PhD,stephen06@example.org,001-409-876-7827x82910,"0091 Nichols Branch, Lindabury, CA 53405",1947-02-05,Art therapist
267,Troy Sparks,hansongeoffrey@example.org,286.354.7520,"7342 Morgan Mission Apt. 419, Donnaview, DE 95887",1934-12-09,Health visitor
281,Elizabeth Jennings,bernardjudy@example.net,802-618-6407,"5247 Tyler Centers, Lake Alexis, NE 50082",1970-10-03,Clinical cytogeneticist
284,Kevin Carroll,nduarte@example.org,7756092593,"89220 Klein Shoals Suite 263, Port Amandahaven, NJ 14605",1981-05-18,Purchasing manager
303,Kevin Woodard,stephanie14@example.com,863.956.4214,"70856 Daniel Parkway, Daughertyfort, FL 59112",1969-11-01,Chiropractor
319,Nancy Valdez,pfreeman@example.com,315-629-8482,"6953 Carroll Branch Apt. 720, South Kimberlystad, MA 76484",1966-03-06,Clinical psychologist
322,Matthew Ashley,hpotter@example.org,8633294654,"949 Tracy Radial Apt. 912, North Sheila, UT 02386",1969-01-10,Furniture conservator/restorer
325,Elizabeth Keller,ian43@example.net,816.639.0191x241,"98050 Sara Circle, Wagnertown, IA 51297",1976-12-15,Medical sales representative
327,Nathan Davis,vwood@example.net,212-582-6088,"00659 Lowe Prairie Apt. 391, Katherinetown, ID 63520",1939-11-06,Marketing executive
348,Kimberly Johnson,sharon54@example.org,393.281.5470,"PSC 0313, Box 1484, APO AE 25946",1974-06-28,Health and safety adviser
349,Jennifer Gray,tjames@example.org,(301)385-1654x103,"69706 Katherine Pass Apt. 160, Kelliland, SD 50528",1987-07-31,"Civil engineer, contracting"
358,Matthew Harrison,vicki07@example.com,782.833.1547,"337 Danielle Via Apt. 391, Lake Erik, GA 38728",1945-06-15,"Copywriter, advertising"
386,Karen Gamble,orozcojoseph@example.net,001-868-307-0021x9812,"5645 David Islands Suite 500, Toddborough, MI 59845",1977-08-02,Patent examiner
393,Timothy Brown,stephanieburns@example.org,814.555.4343x6306,"250 Nicole Mill, Alisonbury, MD 37471",1941-03-09,Race relations officer
394,Jonathan Ward,amber83@example.com,464.602.3658,"2025 Taylor Inlet, Lake Heather, MN 62663",2004-05-01,"Scientist, research (life sciences)"
405,Daniel Wilson,whitenancy@example.com,001-319-248-2786x3901,"PSC 8849, Box 1767, APO AP 47772",1962-10-06,Clinical research associate
409,Mark Smith,susanrice@example.net,001-263-987-5593x789,"86635 Daniels Grove Suite 543, South Billy, TN 04747",1973-03-10,Copy
442,Nicole Rodriguez,hatfieldeugene@example.com,572.389.5054,"984 Leslie Meadows Apt. 785, New Kellyberg, AZ 55721",1983-01-25,Cytogeneticist
488,Robert Harvey,ljackson@example.com,+1-741-867-8760x0347,"456 Nicholson Springs Suite 451, New Janetfort, UT 72826",1986-09-21,"Teacher, special educational needs"
502,Dr. Julie Hayden,shayden@example.com,986.865.6442x252,"8897 Andrew Shore, New Kaylaport, MA 25438",1990-08-25,Osteopath
513,Benjamin Bailey,mike26@example.com,001-487-611-4540x902,"0468 Linda Rapid, Port Alexander, AR 43113",1941-05-18,Sports therapist
538,Melissa Davis,johnsonrobert@example.org,(949)549-1013,"PSC 6109, Box 2467, APO AE 74610",1940-12-07,"Engineer, technical sales"
540,Dennis Carrillo,bobbynewman@example.org,8688051974,"8832 Scott Trafficway Suite 031, Stephanieborough, WA 25377",2006-10-30,Television production assistant
543,John Young,clarkbarbara@example.org,(961)441-1413,"PSC 6876, Box 8559, APO AP 72005",1943-06-27,Investment analyst
544,Anthony Fox,zfletcher@example.com,(608)279-2971x889,"5120 King Cliff, Walkerbury, ME 30234",1973-10-02,Forensic psychologist
546,Dawn Arroyo,joshuaballard@example.org,747-623-6578,"23604 Smith Island, Lamberttown, NH 00877",1981-09-19,Research scientist (life sciences)
557,Anne Dixon,james83@example.org,9362750152,"3847 Gregory Fork, Jefferychester, UT 35752",1979-05-06,Database administrator
573,James Moore,framirez@example.com,628-267-3370x4402,"5925 Suarez Pine Apt. 620, Simsside, IA 18548",1969-08-21,Clinical biochemist
578,Ann Mullen,mglass@example.org,(352)450-4061,"Unit 8412 Box 3707, DPO AP 22091",1999-12-03,"Scientist, water quality"
617,Jerry Sullivan,kaguilar@example.net,001-932-235-4935,"739 Chandler Centers Suite 757, East Paultown, SC 77289",2005-01-20,Applications developer
618,Elizabeth Price,gstrickland@example.net,549-315-7028,"9181 Chloe Junctions Suite 790, Andersonmouth, AS 79352",1982-05-02,Wellsite geologist
638,Stephanie Jones,brian63@example.com,786.538.7906,"6765 Steele Mall Apt. 597, North Tamaratown, MI 92980",1955-02-07,Special educational needs teacher
638,Taylor Mills,elliottdonna@example.net,929.895.6552x4828,"21973 Marvin Plains Suite 097, North Karen, GA 79581",1950-04-25,Armed forces training and education officer
652,Kurt Duncan,ericbrown@example.com,540-261-3979x1968,"20951 Patel Locks, New Nancyfurt, MI 72234",1995-02-06,Ceramics designer
677,Keith Romero,danielsolis@example.org,(340)470-1220x249,"146 Gonzales Views Suite 751, Snowton, CO 65279",1957-03-02,"Surveyor, building control"
681,Melody Christensen,charlesknight@example.com,753-669-7042,"945 Sheri Forks, Andrewland, SD 77443",1997-03-07,Pension scheme manager
691,Robin Smith,ronaldthompson@example.org,+1-319-780-6575,"368 Johnson Centers, Rebeccamouth, VI 63353",1975-11-21,Market researcher
695,Sabrina Cowan,amanda04@example.com,+1-241-518-1108x1324,"8428 Hardin Crescent, South Thomashaven, MD 71735",2003-08-01,Mechanical engineer
718,Ashley Ramirez,fryemelissa@example.org,001-748-619-6263x222,"1526 Jenna Shoals Suite 733, Collinschester, TX 88836",1975-01-15,Insurance claims handler
722,Anthony Murphy,myersrodney@example.com,636-839-6890,"16613 Joshua Course Apt. 808, Brendafurt, NV 68544",1987-09-10,Academic librarian
736,Richard Cunningham,julieshelton@example.org,7419524976,"11218 Sharon Squares, Ortizton, NH 58266",1938-05-25,"Designer, graphic"
737,Michael Moran,glamb@example.com,+1-621-695-7551x650,"977 Frye Street, Grossberg, OR 70758",1992-09-26,Chartered public finance accountant
750,Ann Herring,rickycole@example.net,(689)237-2374x89648,"1357 Alan Roads Suite 174, New Larry, IL 61065",1983-01-17,"Scientist, research (physical sciences)"
751,John Baker,shane37@example.net,906-547-8575,"712 Zhang Causeway Apt. 577, Markchester, MT 12222",2003-06-28,"Solicitor, Scotland"
790,Mariah Young,tina28@example.com,406.609.1888x111,"16646 Brown View Suite 932, West Rebeccafurt, AZ 38818",1947-10-10,Chartered loss adjuster
811,Charles Avila,chrisdaniel@example.net,(547)571-5838x64124,"469 Gutierrez Underpass, Kyleberg, SD 24241",1935-01-30,Housing manager/officer
815,Jonathan White,amy30@example.org,6975731001,"3215 Jenna Ford Apt. 021, New Daniel, PR 34948",1994-04-16,Occupational therapist
816,Jennifer Chang,roydonovan@example.com,001-470-641-6304,"90051 Garcia Overpass, Lake Jamie, MO 57945",1974-10-31,Public relations officer
825,Kara Moore,christineking@example.com,900.389.9243x732,"4940 Garner Unions Apt. 761, Romeroburgh, AK 97996",1938-10-13,"Engineer, structural"
831,Janice Walker,milesspencer@example.com,(828)521-6913,"61945 Stephen Knolls Suite 005, Carriefort, DC 93186",2001-08-04,Music tutor
832,Debbie Johnson,garciaheidi@example.com,001-899-241-6174x94532,"378 Joel Isle Apt. 513, Lake Jennifer, NY 00854",1963-07-10,Armed forces training and education officer
840,Joseph Pineda,pbraun@example.net,+1-344-923-4729,"0452 Adam Stream, Carrollville, DE 95871",1961-05-26,"Designer, jewellery"
845,Danielle Gray,nancymarshall@example.org,432.336.2357x461,"8740 Derek Mission, West Robertberg, IN 46781",1958-08-29,Broadcast presenter
850,Charles Gould,qscott@example.org,4329815737,"8358 Crane Pike, Kelleyfurt, AR 28400",1989-11-24,Conference centre manager
887,Michael Smith,smithronald@example.net,001-504-943-4730x38766,"95771 Barton Club Suite 241, Jonathanchester, SC 83214",1983-09-25,Higher education lecturer
899,Kevin Reese,angelgibson@example.net,546-945-8125,"05382 Jessica Field Suite 805, West Charlotte, WI 45452",1991-10-14,Volunteer coordinator
907,Wendy Bryant,wangpatrick@example.com,(872)379-4294,"366 Craig Mountains, Washingtonbury, KY 78013",1975-12-11,Set designer
912,Cynthia Choi,gmoon@example.com,(359)417-3742,"2607 Kelly Skyway Suite 843, East Jasmine, IN 68951",1961-06-30,Animal technologist
922,Justin Mckinney,michael94@example.net,829-719-9257,"70749 Jean Plains, Bookerhaven, NM 17462",1970-02-02,Air broker
925,Hunter Macdonald,holson@example.net,(370)846-7359x3145,"297 Brandon Crossroad Apt. 597, Bakerfurt, NH 64407",2002-03-08,Higher education careers adviser
944,Joseph Smith,trollins@example.net,(801)574-7526x47582,"774 Dean Flat Suite 076, Port Emily, FM 80306",1965-12-30,"Surveyor, building"
949,Jordan Estrada,yjordan@example.com,001-451-825-1224x12816,"63068 Ryan Roads Suite 478, East Jeffreyberg, PW 31007",1975-11-13,Chartered certified accountant
951,Daniel Lester,jacoblawson@example.org,5084397783,"1397 Kyle Skyway Apt. 908, East Michaelbury, CA 08349",1985-08-26,"Engineer, biomedical"
955,Jennifer Benson,daniel68@example.com,(643)742-5137,"5199 Courtney Shores Apt. 509, East Ashleyport, WV 77424",1936-07-09,Fast food restaurant manager
965,Regina Phillips,gbarry@example.com,(712)929-8742,"88667 Rodriguez Mission Suite 975, Andrewsberg, MA 96584",1972-11-22,Archaeologist
976,Heidi Harris,ierickson@example.org,001-572-634-7163x7984,"201 Williams Roads, Jasonbury, WV 09722",1958-03-12,Insurance risk surveyor
988,William Wilson,stanley95@example.net,(489)263-4444,"38299 Henry Brook, North Michael, AR 60527",1952-01-06,Art gallery manager
992,Jessica Chapman,ehenson@example.org,490.463.3106x6330,"USCGC Garcia, FPO AP 47998",1945-03-18,Drilling engineer
994,Taylor Moss,simmonspatrick@example.net,992.910.5264x439,"7238 Danielle Locks Apt. 796, Jameshaven, OK 36709",1965-09-10,Insurance risk surveyor
995,Vanessa Hernandez,diane02@example.net,+1-430-405-5888x2369,"530 Lori Points Suite 909, West Stephanie, MD 86255",1994-05-16,"Geologist, engineering"
